{
  "model_info": {
    "dimensions": {
      "p": 20,
      "q": 20,
      "r": 3
    },
    "n_trials": 100,
    "n_samples": 500
  },
  "noise_parameters": {
    "sigma_e2": 0.1,
    "sigma_f2": 0.1,
    "sigma_h2": 0.05
  },
  "loading_matrices": {
    "W_shape": [
      20,
      3
    ],
    "C_shape": [
      20,
      3
    ],
    "W_norm_by_component": [
      0.9999999999999997,
      1.0,
      0.9999999999999999
    ],
    "C_norm_by_component": [
      0.9999999999999996,
      0.9999999999999993,
      1.0
    ]
  },
  "diagonal_parameters": {
    "B_diagonal": [
      2.0,
      1.25,
      0.5
    ],
    "Sigma_t_diagonal": [
      1.0,
      0.65,
      0.3
    ],
    "identifiability_products": [
      2.0,
      0.8125,
      0.15
    ]
  },
  "generation_info": {
    "random_seed": 42,
    "timestamp": "2026-02-28 15:26:42"
  }
}