{
  "experiment_info": {
    "n_trials_completed": 100,
    "success_rate_percent": 100.0,
    "total_runtime_minutes": 16.87,
    "timestamp": "2026-02-28 15:43:34"
  },
  "algorithm_performance": {
    "slm": {
      "avg_time_seconds": 6.96,
      "avg_convergence_rate_percent": 3.1
    },
    "em": {
      "avg_time_seconds": 1.06,
      "avg_convergence_rate_percent": 3.1
    },
    "ecm": {
      "avg_time_seconds": 2.09,
      "avg_convergence_rate_percent": 3.1
    }
  },
  "parameter_estimation_quality": {
    "slm": {
      "W": {
        "mean": 0.068353,
        "std": 0.012413
      },
      "C": {
        "mean": 0.069994,
        "std": 0.016176
      },
      "B": {
        "mean": 0.664661,
        "std": 0.393424
      },
      "Sigma_t": {
        "mean": 0.50094,
        "std": 0.001421
      },
      "sigma_h2": {
        "mean": 0.002275,
        "std": 4.9e-05
      }
    },
    "em": {
      "W": {
        "mean": 0.065342,
        "std": 0.00121
      },
      "C": {
        "mean": 0.06623,
        "std": 0.001194
      },
      "B": {
        "mean": 0.377279,
        "std": 0.024603
      },
      "Sigma_t": {
        "mean": 0.083649,
        "std": 0.021231
      },
      "sigma_h2": {
        "mean": 0.000415,
        "std": 0.000366
      }
    },
    "ecm": {
      "W": {
        "mean": 0.058544,
        "std": 0.023633
      },
      "C": {
        "mean": 0.05935,
        "std": 0.023763
      },
      "B": {
        "mean": 0.36677,
        "std": 0.220337
      },
      "Sigma_t": {
        "mean": 0.080824,
        "std": 0.051415
      },
      "sigma_h2": {
        "mean": 0.000416,
        "std": 0.000366
      }
    }
  }
}