{
  "experiment_overview": {
    "n_trials_completed": 100,
    "success_rate_percent": 100.0,
    "total_runtime_minutes": 16.87,
    "avg_time_per_trial_seconds": 10.12
  },
  "algorithm_performance": {
    "slm": {
      "avg_runtime_seconds": 6.96,
      "avg_convergence_rate_percent": 3.1
    },
    "em": {
      "avg_runtime_seconds": 1.06,
      "avg_convergence_rate_percent": 3.1
    },
    "em_vs_slm_speed_ratio": 1
  },
  "parameter_estimation_quality": {
    "slm": {
      "W_mse_mean": 0.068353,
      "W_mse_std": 0.012413,
      "C_mse_mean": 0.069994,
      "C_mse_std": 0.016176,
      "B_mse_mean": 0.664661,
      "B_mse_std": 0.393424,
      "Sigma_t_mse_mean": 0.50094,
      "Sigma_t_mse_std": 0.001421,
      "sigma_h2_mse_mean": 0.002275,
      "sigma_h2_mse_std": 4.9e-05
    },
    "em": {
      "W_mse_mean": 0.065342,
      "W_mse_std": 0.00121,
      "C_mse_mean": 0.06623,
      "C_mse_std": 0.001194,
      "B_mse_mean": 0.377279,
      "B_mse_std": 0.024603,
      "Sigma_t_mse_mean": 0.083649,
      "Sigma_t_mse_std": 0.021231,
      "sigma_h2_mse_mean": 0.000415,
      "sigma_h2_mse_std": 0.000366
    }
  },
  "timestamp": "2026-02-28 15:43:34"
}