{
    "trial_id": 96,
    "slm": {
        "runtime": 5.725078344345093,
        "avg_time_per_start": 0.17890869826078415,
        "converged": 1,
        "failed": 0,
        "convergence_rate": 0.03125,
        "best_objective": 67.37307352942994,
        "avg_iterations": 33
    },
    "em": {
        "runtime": 0.7674601078033447,
        "avg_time_per_start": 0.023983128368854523,
        "converged": 1,
        "failed": 0,
        "convergence_rate": 0.03125,
        "best_likelihood": -43.542637074965285,
        "avg_iterations": 102
    },
    "ecm": {
        "runtime": 1.4713335037231445,
        "avg_time_per_start": 0.04597917199134827,
        "converged": 1,
        "failed": 0,
        "convergence_rate": 0.03125,
        "best_likelihood": -43.54235225979602,
        "avg_iterations": 191
    }
}