{
    "trial_id": 91,
    "slm": {
        "runtime": 5.676721096038818,
        "avg_time_per_start": 0.17739753425121307,
        "converged": 1,
        "failed": 0,
        "convergence_rate": 0.03125,
        "best_objective": 70.15496363954087,
        "avg_iterations": 16
    },
    "em": {
        "runtime": 0.7962541580200195,
        "avg_time_per_start": 0.02488294243812561,
        "converged": 1,
        "failed": 0,
        "convergence_rate": 0.03125,
        "best_likelihood": -42.31892072427554,
        "avg_iterations": 93
    },
    "ecm": {
        "runtime": 1.526031494140625,
        "avg_time_per_start": 0.04768848419189453,
        "converged": 1,
        "failed": 0,
        "convergence_rate": 0.03125,
        "best_likelihood": -42.31879158623106,
        "avg_iterations": 83
    }
}