{
    "trial_id": 70,
    "slm": {
        "runtime": 6.380898952484131,
        "avg_time_per_start": 0.1994030922651291,
        "converged": 1,
        "failed": 0,
        "convergence_rate": 0.03125,
        "best_objective": 66.93017253456541,
        "avg_iterations": 17
    },
    "em": {
        "runtime": 0.8238928318023682,
        "avg_time_per_start": 0.025746650993824005,
        "converged": 1,
        "failed": 0,
        "convergence_rate": 0.03125,
        "best_likelihood": -44.10914147979375,
        "avg_iterations": 82
    },
    "ecm": {
        "runtime": 1.573119878768921,
        "avg_time_per_start": 0.04915999621152878,
        "converged": 1,
        "failed": 0,
        "convergence_rate": 0.03125,
        "best_likelihood": -44.109058255983584,
        "avg_iterations": 84
    }
}