{
    "trial_id": 90,
    "slm": {
        "runtime": 5.843659162521362,
        "avg_time_per_start": 0.18261434882879257,
        "converged": 1,
        "failed": 0,
        "convergence_rate": 0.03125,
        "best_objective": 68.85677331697364,
        "avg_iterations": 16
    },
    "em": {
        "runtime": 0.9301350116729736,
        "avg_time_per_start": 0.029066719114780426,
        "converged": 1,
        "failed": 0,
        "convergence_rate": 0.03125,
        "best_likelihood": -43.7456639647762,
        "avg_iterations": 109
    },
    "ecm": {
        "runtime": 1.9164800643920898,
        "avg_time_per_start": 0.05989000201225281,
        "converged": 1,
        "failed": 0,
        "convergence_rate": 0.03125,
        "best_likelihood": -43.74556750383336,
        "avg_iterations": 111
    }
}