{
    "trial_id": 13,
    "slm": {
        "runtime": 9.491565942764282,
        "avg_time_per_start": 0.2966114357113838,
        "converged": 1,
        "failed": 0,
        "convergence_rate": 0.03125,
        "best_objective": 70.86992782769994,
        "avg_iterations": 17
    },
    "em": {
        "runtime": 1.7071897983551025,
        "avg_time_per_start": 0.053349681198596954,
        "converged": 1,
        "failed": 0,
        "convergence_rate": 0.03125,
        "best_likelihood": -42.45110331740182,
        "avg_iterations": 91
    },
    "ecm": {
        "runtime": 3.117924690246582,
        "avg_time_per_start": 0.09743514657020569,
        "converged": 1,
        "failed": 0,
        "convergence_rate": 0.03125,
        "best_likelihood": -42.450987485156176,
        "avg_iterations": 258
    }
}