{
    "trial_id": 26,
    "slm": {
        "runtime": 10.778218030929565,
        "avg_time_per_start": 0.3368193134665489,
        "converged": 1,
        "failed": 0,
        "convergence_rate": 0.03125,
        "best_objective": 69.23542398503612,
        "avg_iterations": 16
    },
    "em": {
        "runtime": 1.760895013809204,
        "avg_time_per_start": 0.05502796918153763,
        "converged": 1,
        "failed": 0,
        "convergence_rate": 0.03125,
        "best_likelihood": -43.4996611914615,
        "avg_iterations": 110
    },
    "ecm": {
        "runtime": 3.43729305267334,
        "avg_time_per_start": 0.10741540789604187,
        "converged": 1,
        "failed": 0,
        "convergence_rate": 0.03125,
        "best_likelihood": -43.49944732020296,
        "avg_iterations": 222
    }
}