{
    "trial_id": 12,
    "slm": {
        "runtime": 10.670518398284912,
        "avg_time_per_start": 0.3334536999464035,
        "converged": 1,
        "failed": 0,
        "convergence_rate": 0.03125,
        "best_objective": 69.0632840502873,
        "avg_iterations": 16
    },
    "em": {
        "runtime": 1.719792366027832,
        "avg_time_per_start": 0.05374351143836975,
        "converged": 1,
        "failed": 0,
        "convergence_rate": 0.03125,
        "best_likelihood": -43.63792826970317,
        "avg_iterations": 106
    },
    "ecm": {
        "runtime": 3.4860355854034424,
        "avg_time_per_start": 0.10893861204385757,
        "converged": 1,
        "failed": 0,
        "convergence_rate": 0.03125,
        "best_likelihood": -43.6378536380929,
        "avg_iterations": 246
    }
}