{
    "trial_id": 14,
    "slm": {
        "runtime": 11.645557165145874,
        "avg_time_per_start": 0.36392366141080856,
        "converged": 1,
        "failed": 0,
        "convergence_rate": 0.03125,
        "best_objective": 70.1299650563445,
        "avg_iterations": 18
    },
    "em": {
        "runtime": 1.5664629936218262,
        "avg_time_per_start": 0.04895196855068207,
        "converged": 1,
        "failed": 0,
        "convergence_rate": 0.03125,
        "best_likelihood": -43.40557880958001,
        "avg_iterations": 88
    },
    "ecm": {
        "runtime": 3.278974771499634,
        "avg_time_per_start": 0.10246796160936356,
        "converged": 1,
        "failed": 0,
        "convergence_rate": 0.03125,
        "best_likelihood": -43.40554699378548,
        "avg_iterations": 74
    }
}