{
    "trial_id": 68,
    "slm": {
        "runtime": 5.60937762260437,
        "avg_time_per_start": 0.17529305070638657,
        "converged": 1,
        "failed": 0,
        "convergence_rate": 0.03125,
        "best_objective": 68.62391638517576,
        "avg_iterations": 17
    },
    "em": {
        "runtime": 0.9125773906707764,
        "avg_time_per_start": 0.02851804345846176,
        "converged": 1,
        "failed": 0,
        "convergence_rate": 0.03125,
        "best_likelihood": -42.98288745326735,
        "avg_iterations": 100
    },
    "ecm": {
        "runtime": 1.7569174766540527,
        "avg_time_per_start": 0.05490367114543915,
        "converged": 1,
        "failed": 0,
        "convergence_rate": 0.03125,
        "best_likelihood": -42.98274804868697,
        "avg_iterations": 95
    }
}