{
    "trial_id": 44,
    "slm": {
        "runtime": 5.4152562618255615,
        "avg_time_per_start": 0.1692267581820488,
        "converged": 1,
        "failed": 0,
        "convergence_rate": 0.03125,
        "best_objective": 68.6513988793657,
        "avg_iterations": 19
    },
    "em": {
        "runtime": 1.0144062042236328,
        "avg_time_per_start": 0.031700193881988525,
        "converged": 1,
        "failed": 0,
        "convergence_rate": 0.03125,
        "best_likelihood": -43.34981671036317,
        "avg_iterations": 105
    },
    "ecm": {
        "runtime": 1.9669716358184814,
        "avg_time_per_start": 0.061467863619327545,
        "converged": 1,
        "failed": 0,
        "convergence_rate": 0.03125,
        "best_likelihood": -43.3498007942039,
        "avg_iterations": 71
    }
}