{
    "trial_id": 65,
    "slm": {
        "runtime": 5.587100505828857,
        "avg_time_per_start": 0.1745968908071518,
        "converged": 1,
        "failed": 0,
        "convergence_rate": 0.03125,
        "best_objective": 69.14734922955337,
        "avg_iterations": 22
    },
    "em": {
        "runtime": 0.959343433380127,
        "avg_time_per_start": 0.029979482293128967,
        "converged": 1,
        "failed": 0,
        "convergence_rate": 0.03125,
        "best_likelihood": -43.32635529337479,
        "avg_iterations": 100
    },
    "ecm": {
        "runtime": 1.8314018249511719,
        "avg_time_per_start": 0.05723130702972412,
        "converged": 1,
        "failed": 0,
        "convergence_rate": 0.03125,
        "best_likelihood": -43.32616136720149,
        "avg_iterations": 210
    }
}