{
    "trial_id": 1,
    "slm": {
        "runtime": 5.131976366043091,
        "avg_time_per_start": 0.1603742614388466,
        "converged": 1,
        "failed": 0,
        "convergence_rate": 0.03125,
        "best_objective": 67.91405648107242,
        "avg_iterations": 17
    },
    "em": {
        "runtime": 1.2891771793365479,
        "avg_time_per_start": 0.04028678685426712,
        "converged": 1,
        "failed": 0,
        "convergence_rate": 0.03125,
        "best_likelihood": -43.44265043625398,
        "avg_iterations": 89
    },
    "ecm": {
        "runtime": 2.5595762729644775,
        "avg_time_per_start": 0.07998675853013992,
        "converged": 1,
        "failed": 0,
        "convergence_rate": 0.03125,
        "best_likelihood": -43.44231559150864,
        "avg_iterations": 132
    }
}