{
    "trial_id": 18,
    "slm": {
        "runtime": 9.425886869430542,
        "avg_time_per_start": 0.29455896466970444,
        "converged": 1,
        "failed": 0,
        "convergence_rate": 0.03125,
        "best_objective": 68.10799603717916,
        "avg_iterations": 51
    },
    "em": {
        "runtime": 1.4495844841003418,
        "avg_time_per_start": 0.04529951512813568,
        "converged": 1,
        "failed": 0,
        "convergence_rate": 0.03125,
        "best_likelihood": -43.37108421223677,
        "avg_iterations": 89
    },
    "ecm": {
        "runtime": 2.776740789413452,
        "avg_time_per_start": 0.08677314966917038,
        "converged": 1,
        "failed": 0,
        "convergence_rate": 0.03125,
        "best_likelihood": -43.370954392354335,
        "avg_iterations": 140
    }
}