{
    "trial_id": 23,
    "slm": {
        "runtime": 11.747262716293335,
        "avg_time_per_start": 0.3671019598841667,
        "converged": 1,
        "failed": 0,
        "convergence_rate": 0.03125,
        "best_objective": 71.1087430096821,
        "avg_iterations": 17
    },
    "em": {
        "runtime": 1.7545995712280273,
        "avg_time_per_start": 0.054831236600875854,
        "converged": 1,
        "failed": 0,
        "convergence_rate": 0.03125,
        "best_likelihood": -43.27756335860099,
        "avg_iterations": 107
    },
    "ecm": {
        "runtime": 3.13403582572937,
        "avg_time_per_start": 0.09793861955404282,
        "converged": 1,
        "failed": 0,
        "convergence_rate": 0.03125,
        "best_likelihood": -43.277202556554236,
        "avg_iterations": 212
    }
}