{
    "trial_id": 57,
    "slm": {
        "runtime": 6.767330646514893,
        "avg_time_per_start": 0.2114790827035904,
        "converged": 1,
        "failed": 0,
        "convergence_rate": 0.03125,
        "best_objective": 70.24440052438489,
        "avg_iterations": 16
    },
    "em": {
        "runtime": 0.8491365909576416,
        "avg_time_per_start": 0.0265355184674263,
        "converged": 1,
        "failed": 0,
        "convergence_rate": 0.03125,
        "best_likelihood": -43.02610995372595,
        "avg_iterations": 106
    },
    "ecm": {
        "runtime": 1.8809735774993896,
        "avg_time_per_start": 0.058780424296855927,
        "converged": 1,
        "failed": 0,
        "convergence_rate": 0.03125,
        "best_likelihood": -43.02596109215756,
        "avg_iterations": 132
    }
}