{
    "trial_id": 76,
    "slm": {
        "runtime": 6.640173673629761,
        "avg_time_per_start": 0.20750542730093002,
        "converged": 1,
        "failed": 0,
        "convergence_rate": 0.03125,
        "best_objective": 68.67611419933327,
        "avg_iterations": 28
    },
    "em": {
        "runtime": 0.8659558296203613,
        "avg_time_per_start": 0.02706111967563629,
        "converged": 1,
        "failed": 0,
        "convergence_rate": 0.03125,
        "best_likelihood": -43.98594824325275,
        "avg_iterations": 96
    },
    "ecm": {
        "runtime": 1.7341556549072266,
        "avg_time_per_start": 0.05419236421585083,
        "converged": 1,
        "failed": 0,
        "convergence_rate": 0.03125,
        "best_likelihood": -43.98585078117508,
        "avg_iterations": 194
    }
}