{
    "trial_id": 77,
    "slm": {
        "runtime": 6.488530158996582,
        "avg_time_per_start": 0.2027665674686432,
        "converged": 1,
        "failed": 0,
        "convergence_rate": 0.03125,
        "best_objective": 70.03095520492242,
        "avg_iterations": 28
    },
    "em": {
        "runtime": 0.8044869899749756,
        "avg_time_per_start": 0.025140218436717987,
        "converged": 1,
        "failed": 0,
        "convergence_rate": 0.03125,
        "best_likelihood": -43.19747338096428,
        "avg_iterations": 104
    },
    "ecm": {
        "runtime": 1.6488721370697021,
        "avg_time_per_start": 0.05152725428342819,
        "converged": 1,
        "failed": 0,
        "convergence_rate": 0.03125,
        "best_likelihood": -43.197268286034955,
        "avg_iterations": 224
    }
}