{
    "trial_id": 60,
    "slm": {
        "runtime": 6.775608062744141,
        "avg_time_per_start": 0.2117377519607544,
        "converged": 1,
        "failed": 0,
        "convergence_rate": 0.03125,
        "best_objective": 70.11604615002057,
        "avg_iterations": 17
    },
    "em": {
        "runtime": 0.8593358993530273,
        "avg_time_per_start": 0.026854246854782104,
        "converged": 1,
        "failed": 0,
        "convergence_rate": 0.03125,
        "best_likelihood": -42.7040597910979,
        "avg_iterations": 94
    },
    "ecm": {
        "runtime": 1.6159605979919434,
        "avg_time_per_start": 0.05049876868724823,
        "converged": 1,
        "failed": 0,
        "convergence_rate": 0.03125,
        "best_likelihood": -42.704024773113346,
        "avg_iterations": 77
    }
}