{
    "trial_id": 64,
    "slm": {
        "runtime": 5.884187459945679,
        "avg_time_per_start": 0.18388085812330246,
        "converged": 1,
        "failed": 0,
        "convergence_rate": 0.03125,
        "best_objective": 70.26327465274352,
        "avg_iterations": 16
    },
    "em": {
        "runtime": 0.8091061115264893,
        "avg_time_per_start": 0.02528456598520279,
        "converged": 1,
        "failed": 0,
        "convergence_rate": 0.03125,
        "best_likelihood": -43.334041906085496,
        "avg_iterations": 102
    },
    "ecm": {
        "runtime": 1.7695508003234863,
        "avg_time_per_start": 0.05529846251010895,
        "converged": 1,
        "failed": 0,
        "convergence_rate": 0.03125,
        "best_likelihood": -43.33383849029503,
        "avg_iterations": 172
    }
}