{
    "trial_id": 29,
    "slm": {
        "runtime": 7.270935297012329,
        "avg_time_per_start": 0.22721672803163528,
        "converged": 1,
        "failed": 0,
        "convergence_rate": 0.03125,
        "best_objective": 70.55814593367288,
        "avg_iterations": 17
    },
    "em": {
        "runtime": 1.4784395694732666,
        "avg_time_per_start": 0.04620123654603958,
        "converged": 1,
        "failed": 0,
        "convergence_rate": 0.03125,
        "best_likelihood": -42.47307737525519,
        "avg_iterations": 96
    },
    "ecm": {
        "runtime": 2.758305072784424,
        "avg_time_per_start": 0.08619703352451324,
        "converged": 1,
        "failed": 0,
        "convergence_rate": 0.03125,
        "best_likelihood": -42.473020761502646,
        "avg_iterations": 186
    }
}