{
    "trial_id": 39,
    "slm": {
        "runtime": 7.778571367263794,
        "avg_time_per_start": 0.24308035522699356,
        "converged": 1,
        "failed": 0,
        "convergence_rate": 0.03125,
        "best_objective": 70.26828836483304,
        "avg_iterations": 23
    },
    "em": {
        "runtime": 0.9316205978393555,
        "avg_time_per_start": 0.02911314368247986,
        "converged": 1,
        "failed": 0,
        "convergence_rate": 0.03125,
        "best_likelihood": -43.46975256343595,
        "avg_iterations": 97
    },
    "ecm": {
        "runtime": 1.715437650680542,
        "avg_time_per_start": 0.05360742658376694,
        "converged": 1,
        "failed": 0,
        "convergence_rate": 0.03125,
        "best_likelihood": -43.46965149945426,
        "avg_iterations": 88
    }
}