{
    "trial_id": 27,
    "slm": {
        "runtime": 9.817401647567749,
        "avg_time_per_start": 0.30679380148649216,
        "converged": 1,
        "failed": 0,
        "convergence_rate": 0.03125,
        "best_objective": 69.13138980650231,
        "avg_iterations": 18
    },
    "em": {
        "runtime": 1.504014492034912,
        "avg_time_per_start": 0.047000452876091,
        "converged": 1,
        "failed": 0,
        "convergence_rate": 0.03125,
        "best_likelihood": -43.685351940087635,
        "avg_iterations": 100
    },
    "ecm": {
        "runtime": 3.007866859436035,
        "avg_time_per_start": 0.0939958393573761,
        "converged": 1,
        "failed": 0,
        "convergence_rate": 0.03125,
        "best_likelihood": -43.685287620025846,
        "avg_iterations": 83
    }
}