{
    "trial_id": 82,
    "slm": {
        "runtime": 5.678993463516235,
        "avg_time_per_start": 0.17746854573488235,
        "converged": 1,
        "failed": 0,
        "convergence_rate": 0.03125,
        "best_objective": 67.86632291710086,
        "avg_iterations": 17
    },
    "em": {
        "runtime": 0.8885390758514404,
        "avg_time_per_start": 0.027766846120357513,
        "converged": 1,
        "failed": 0,
        "convergence_rate": 0.03125,
        "best_likelihood": -43.36645264765999,
        "avg_iterations": 100
    },
    "ecm": {
        "runtime": 1.7670695781707764,
        "avg_time_per_start": 0.05522092431783676,
        "converged": 1,
        "failed": 0,
        "convergence_rate": 0.03125,
        "best_likelihood": -43.36634329777932,
        "avg_iterations": 86
    }
}