{
    "trial_id": 62,
    "slm": {
        "runtime": 5.596023321151733,
        "avg_time_per_start": 0.17487572878599167,
        "converged": 1,
        "failed": 0,
        "convergence_rate": 0.03125,
        "best_objective": 68.39140056784598,
        "avg_iterations": 23
    },
    "em": {
        "runtime": 0.9196991920471191,
        "avg_time_per_start": 0.028740599751472473,
        "converged": 1,
        "failed": 0,
        "convergence_rate": 0.03125,
        "best_likelihood": -43.22190772065491,
        "avg_iterations": 97
    },
    "ecm": {
        "runtime": 1.852790355682373,
        "avg_time_per_start": 0.05789969861507416,
        "converged": 1,
        "failed": 0,
        "convergence_rate": 0.03125,
        "best_likelihood": -43.22190011812029,
        "avg_iterations": 78
    }
}