{
    "trial_id": 16,
    "slm": {
        "runtime": 8.302035570144653,
        "avg_time_per_start": 0.2594386115670204,
        "converged": 1,
        "failed": 0,
        "convergence_rate": 0.03125,
        "best_objective": 68.50709997187693,
        "avg_iterations": 16
    },
    "em": {
        "runtime": 1.6072032451629639,
        "avg_time_per_start": 0.05022510141134262,
        "converged": 1,
        "failed": 0,
        "convergence_rate": 0.03125,
        "best_likelihood": -43.35986857619404,
        "avg_iterations": 96
    },
    "ecm": {
        "runtime": 3.455017566680908,
        "avg_time_per_start": 0.10796929895877838,
        "converged": 1,
        "failed": 0,
        "convergence_rate": 0.03125,
        "best_likelihood": -43.35944142051558,
        "avg_iterations": 147
    }
}