{
    "trial_id": 72,
    "slm": {
        "runtime": 6.18968653678894,
        "avg_time_per_start": 0.1934277042746544,
        "converged": 1,
        "failed": 0,
        "convergence_rate": 0.03125,
        "best_objective": 68.25258902184368,
        "avg_iterations": 23
    },
    "em": {
        "runtime": 0.8381118774414062,
        "avg_time_per_start": 0.026190996170043945,
        "converged": 1,
        "failed": 0,
        "convergence_rate": 0.03125,
        "best_likelihood": -43.27877265597922,
        "avg_iterations": 86
    },
    "ecm": {
        "runtime": 1.6859664916992188,
        "avg_time_per_start": 0.052686452865600586,
        "converged": 1,
        "failed": 0,
        "convergence_rate": 0.03125,
        "best_likelihood": -43.278652728586174,
        "avg_iterations": 219
    }
}