{
    "trial_id": 58,
    "slm": {
        "runtime": 5.168294668197632,
        "avg_time_per_start": 0.161509208381176,
        "converged": 1,
        "failed": 0,
        "convergence_rate": 0.03125,
        "best_objective": 68.15446248722314,
        "avg_iterations": 24
    },
    "em": {
        "runtime": 0.9618723392486572,
        "avg_time_per_start": 0.03005851060152054,
        "converged": 1,
        "failed": 0,
        "convergence_rate": 0.03125,
        "best_likelihood": -43.11417519476197,
        "avg_iterations": 99
    },
    "ecm": {
        "runtime": 2.0091896057128906,
        "avg_time_per_start": 0.06278717517852783,
        "converged": 1,
        "failed": 0,
        "convergence_rate": 0.03125,
        "best_likelihood": -43.11403872872861,
        "avg_iterations": 277
    }
}