{
    "trial_id": 19,
    "slm": {
        "runtime": 10.308166742324829,
        "avg_time_per_start": 0.3221302106976509,
        "converged": 1,
        "failed": 0,
        "convergence_rate": 0.03125,
        "best_objective": 67.79452792503663,
        "avg_iterations": 17
    },
    "em": {
        "runtime": 1.613105297088623,
        "avg_time_per_start": 0.05040954053401947,
        "converged": 1,
        "failed": 0,
        "convergence_rate": 0.03125,
        "best_likelihood": -43.73776902667366,
        "avg_iterations": 100
    },
    "ecm": {
        "runtime": 3.3608415126800537,
        "avg_time_per_start": 0.10502629727125168,
        "converged": 1,
        "failed": 0,
        "convergence_rate": 0.03125,
        "best_likelihood": -43.73745311148786,
        "avg_iterations": 152
    }
}