{
    "trial_id": 21,
    "slm": {
        "runtime": 7.579530477523804,
        "avg_time_per_start": 0.23686032742261887,
        "converged": 1,
        "failed": 0,
        "convergence_rate": 0.03125,
        "best_objective": 66.37934567950545,
        "avg_iterations": 17
    },
    "em": {
        "runtime": 1.818680763244629,
        "avg_time_per_start": 0.05683377385139465,
        "converged": 1,
        "failed": 0,
        "convergence_rate": 0.03125,
        "best_likelihood": -43.40880310833492,
        "avg_iterations": 101
    },
    "ecm": {
        "runtime": 3.2460711002349854,
        "avg_time_per_start": 0.10143972188234329,
        "converged": 1,
        "failed": 0,
        "convergence_rate": 0.03125,
        "best_likelihood": -43.408668931756075,
        "avg_iterations": 170
    }
}