{
    "trial_id": 34,
    "slm": {
        "runtime": 5.663951396942139,
        "avg_time_per_start": 0.17699848115444183,
        "converged": 1,
        "failed": 0,
        "convergence_rate": 0.03125,
        "best_objective": 68.61886641351172,
        "avg_iterations": 23
    },
    "em": {
        "runtime": 0.8279674053192139,
        "avg_time_per_start": 0.025873981416225433,
        "converged": 1,
        "failed": 0,
        "convergence_rate": 0.03125,
        "best_likelihood": -43.81563889075934,
        "avg_iterations": 90
    },
    "ecm": {
        "runtime": 1.7465920448303223,
        "avg_time_per_start": 0.05458100140094757,
        "converged": 1,
        "failed": 0,
        "convergence_rate": 0.03125,
        "best_likelihood": -43.8155781583166,
        "avg_iterations": 79
    }
}