{
    "trial_id": 52,
    "slm": {
        "runtime": 6.808420419692993,
        "avg_time_per_start": 0.21276313811540604,
        "converged": 1,
        "failed": 0,
        "convergence_rate": 0.03125,
        "best_objective": 68.80616376010956,
        "avg_iterations": 18
    },
    "em": {
        "runtime": 0.8349847793579102,
        "avg_time_per_start": 0.026093274354934692,
        "converged": 1,
        "failed": 0,
        "convergence_rate": 0.03125,
        "best_likelihood": -43.70296187128274,
        "avg_iterations": 98
    },
    "ecm": {
        "runtime": 1.6913902759552002,
        "avg_time_per_start": 0.052855946123600006,
        "converged": 1,
        "failed": 0,
        "convergence_rate": 0.03125,
        "best_likelihood": -43.702931654494144,
        "avg_iterations": 216
    }
}