{
    "trial_id": 66,
    "slm": {
        "runtime": 6.141269683837891,
        "avg_time_per_start": 0.19191467761993408,
        "converged": 1,
        "failed": 0,
        "convergence_rate": 0.03125,
        "best_objective": 68.22965038542613,
        "avg_iterations": 17
    },
    "em": {
        "runtime": 0.9378392696380615,
        "avg_time_per_start": 0.029307477176189423,
        "converged": 1,
        "failed": 0,
        "convergence_rate": 0.03125,
        "best_likelihood": -43.28400172530688,
        "avg_iterations": 108
    },
    "ecm": {
        "runtime": 1.7244913578033447,
        "avg_time_per_start": 0.05389035493135452,
        "converged": 1,
        "failed": 0,
        "convergence_rate": 0.03125,
        "best_likelihood": -43.283654218985944,
        "avg_iterations": 142
    }
}