{
    "trial_id": 81,
    "slm": {
        "runtime": 6.784850597381592,
        "avg_time_per_start": 0.21202658116817474,
        "converged": 1,
        "failed": 0,
        "convergence_rate": 0.03125,
        "best_objective": 69.31332215881594,
        "avg_iterations": 23
    },
    "em": {
        "runtime": 0.7935163974761963,
        "avg_time_per_start": 0.024797387421131134,
        "converged": 1,
        "failed": 0,
        "convergence_rate": 0.03125,
        "best_likelihood": -43.55337651213223,
        "avg_iterations": 103
    },
    "ecm": {
        "runtime": 1.5916614532470703,
        "avg_time_per_start": 0.04973942041397095,
        "converged": 1,
        "failed": 0,
        "convergence_rate": 0.03125,
        "best_likelihood": -43.553039162145524,
        "avg_iterations": 180
    }
}