{
    "trial_id": 4,
    "slm": {
        "runtime": 6.155792713165283,
        "avg_time_per_start": 0.1923685222864151,
        "converged": 1,
        "failed": 0,
        "convergence_rate": 0.03125,
        "best_objective": 66.52298065984587,
        "avg_iterations": 22
    },
    "em": {
        "runtime": 0.8361105918884277,
        "avg_time_per_start": 0.026128455996513367,
        "converged": 1,
        "failed": 0,
        "convergence_rate": 0.03125,
        "best_likelihood": -43.42295535520346,
        "avg_iterations": 94
    },
    "ecm": {
        "runtime": 1.7166728973388672,
        "avg_time_per_start": 0.0536460280418396,
        "converged": 1,
        "failed": 0,
        "convergence_rate": 0.03125,
        "best_likelihood": -43.422848594364794,
        "avg_iterations": 93
    }
}