{
    "trial_id": 84,
    "slm": {
        "runtime": 5.627658367156982,
        "avg_time_per_start": 0.1758643239736557,
        "converged": 1,
        "failed": 0,
        "convergence_rate": 0.03125,
        "best_objective": 70.4408298794479,
        "avg_iterations": 16
    },
    "em": {
        "runtime": 0.9204788208007812,
        "avg_time_per_start": 0.028764963150024414,
        "converged": 1,
        "failed": 0,
        "convergence_rate": 0.03125,
        "best_likelihood": -42.59458413525232,
        "avg_iterations": 84
    },
    "ecm": {
        "runtime": 1.8311238288879395,
        "avg_time_per_start": 0.05722261965274811,
        "converged": 1,
        "failed": 0,
        "convergence_rate": 0.03125,
        "best_likelihood": -42.5945730689651,
        "avg_iterations": 70
    }
}