{
    "trial_id": 54,
    "slm": {
        "runtime": 6.752619981765747,
        "avg_time_per_start": 0.2110193744301796,
        "converged": 1,
        "failed": 0,
        "convergence_rate": 0.03125,
        "best_objective": 70.40408043868392,
        "avg_iterations": 37
    },
    "em": {
        "runtime": 0.8213119506835938,
        "avg_time_per_start": 0.025665998458862305,
        "converged": 1,
        "failed": 0,
        "convergence_rate": 0.03125,
        "best_likelihood": -42.90817842062785,
        "avg_iterations": 92
    },
    "ecm": {
        "runtime": 1.624096155166626,
        "avg_time_per_start": 0.05075300484895706,
        "converged": 1,
        "failed": 0,
        "convergence_rate": 0.03125,
        "best_likelihood": -42.90815694810184,
        "avg_iterations": 74
    }
}