{
    "trial_id": 46,
    "slm": {
        "runtime": 6.757844686508179,
        "avg_time_per_start": 0.21118264645338058,
        "converged": 1,
        "failed": 0,
        "convergence_rate": 0.03125,
        "best_objective": 70.38375793132504,
        "avg_iterations": 16
    },
    "em": {
        "runtime": 0.9983665943145752,
        "avg_time_per_start": 0.031198956072330475,
        "converged": 1,
        "failed": 0,
        "convergence_rate": 0.03125,
        "best_likelihood": -43.24636263909363,
        "avg_iterations": 108
    },
    "ecm": {
        "runtime": 1.8962628841400146,
        "avg_time_per_start": 0.05925821512937546,
        "converged": 1,
        "failed": 0,
        "convergence_rate": 0.03125,
        "best_likelihood": -43.246012576250344,
        "avg_iterations": 225
    }
}