{
    "trial_id": 99,
    "slm": {
        "runtime": 4.94615912437439,
        "avg_time_per_start": 0.15456747263669968,
        "converged": 1,
        "failed": 0,
        "convergence_rate": 0.03125,
        "best_objective": 68.97078819270803,
        "avg_iterations": 23
    },
    "em": {
        "runtime": 0.7446107864379883,
        "avg_time_per_start": 0.023269087076187134,
        "converged": 1,
        "failed": 0,
        "convergence_rate": 0.03125,
        "best_likelihood": -43.433376877771025,
        "avg_iterations": 90
    },
    "ecm": {
        "runtime": 1.4768469333648682,
        "avg_time_per_start": 0.04615146666765213,
        "converged": 1,
        "failed": 0,
        "convergence_rate": 0.03125,
        "best_likelihood": -43.4333322089631,
        "avg_iterations": 72
    }
}