{
    "trial_id": 47,
    "slm": {
        "runtime": 6.028320789337158,
        "avg_time_per_start": 0.1883850246667862,
        "converged": 1,
        "failed": 0,
        "convergence_rate": 0.03125,
        "best_objective": 68.33283118764957,
        "avg_iterations": 17
    },
    "em": {
        "runtime": 0.8605737686157227,
        "avg_time_per_start": 0.026892930269241333,
        "converged": 1,
        "failed": 0,
        "convergence_rate": 0.03125,
        "best_likelihood": -44.126897791223676,
        "avg_iterations": 89
    },
    "ecm": {
        "runtime": 1.701554298400879,
        "avg_time_per_start": 0.053173571825027466,
        "converged": 1,
        "failed": 0,
        "convergence_rate": 0.03125,
        "best_likelihood": -44.126865398286306,
        "avg_iterations": 195
    }
}