{
    "trial_id": 83,
    "slm": {
        "runtime": 6.223501920700073,
        "avg_time_per_start": 0.1944844350218773,
        "converged": 1,
        "failed": 0,
        "convergence_rate": 0.03125,
        "best_objective": 69.56730461332614,
        "avg_iterations": 18
    },
    "em": {
        "runtime": 0.8549649715423584,
        "avg_time_per_start": 0.0267176553606987,
        "converged": 1,
        "failed": 0,
        "convergence_rate": 0.03125,
        "best_likelihood": -43.44399139043459,
        "avg_iterations": 87
    },
    "ecm": {
        "runtime": 1.5884625911712646,
        "avg_time_per_start": 0.04963945597410202,
        "converged": 1,
        "failed": 0,
        "convergence_rate": 0.03125,
        "best_likelihood": -43.443919435212095,
        "avg_iterations": 192
    }
}