{
    "trial_id": 92,
    "slm": {
        "runtime": 4.829867124557495,
        "avg_time_per_start": 0.15093334764242172,
        "converged": 1,
        "failed": 0,
        "convergence_rate": 0.03125,
        "best_objective": 67.3450760962889,
        "avg_iterations": 17
    },
    "em": {
        "runtime": 0.7949128150939941,
        "avg_time_per_start": 0.024841025471687317,
        "converged": 1,
        "failed": 0,
        "convergence_rate": 0.03125,
        "best_likelihood": -44.25415195000425,
        "avg_iterations": 85
    },
    "ecm": {
        "runtime": 1.7219822406768799,
        "avg_time_per_start": 0.053811945021152496,
        "converged": 1,
        "failed": 0,
        "convergence_rate": 0.03125,
        "best_likelihood": -44.254083145388755,
        "avg_iterations": 77
    }
}