{
    "trial_id": 0,
    "slm": {
        "runtime": 5.069777250289917,
        "avg_time_per_start": 0.1584305390715599,
        "converged": 1,
        "failed": 0,
        "convergence_rate": 0.03125,
        "best_objective": 68.88425919756746,
        "avg_iterations": 31
    },
    "em": {
        "runtime": 0.7154839038848877,
        "avg_time_per_start": 0.02235887199640274,
        "converged": 1,
        "failed": 0,
        "convergence_rate": 0.03125,
        "best_likelihood": -43.1926138884545,
        "avg_iterations": 93
    },
    "ecm": {
        "runtime": 1.431288242340088,
        "avg_time_per_start": 0.04472775757312775,
        "converged": 1,
        "failed": 0,
        "convergence_rate": 0.03125,
        "best_likelihood": -43.19248221220402,
        "avg_iterations": 86
    }
}