{
    "trial_id": 69,
    "slm": {
        "runtime": 5.836112022399902,
        "avg_time_per_start": 0.18237850069999695,
        "converged": 1,
        "failed": 0,
        "convergence_rate": 0.03125,
        "best_objective": 67.59873558062858,
        "avg_iterations": 14
    },
    "em": {
        "runtime": 0.9699063301086426,
        "avg_time_per_start": 0.03030957281589508,
        "converged": 1,
        "failed": 0,
        "convergence_rate": 0.03125,
        "best_likelihood": -43.03988248235609,
        "avg_iterations": 105
    },
    "ecm": {
        "runtime": 2.076958656311035,
        "avg_time_per_start": 0.06490495800971985,
        "converged": 1,
        "failed": 0,
        "convergence_rate": 0.03125,
        "best_likelihood": -43.03972163343623,
        "avg_iterations": 81
    }
}