{
    "trial_id": 40,
    "slm": {
        "runtime": 4.980638027191162,
        "avg_time_per_start": 0.15564493834972382,
        "converged": 1,
        "failed": 0,
        "convergence_rate": 0.03125,
        "best_objective": 68.7048811421844,
        "avg_iterations": 33
    },
    "em": {
        "runtime": 0.761859655380249,
        "avg_time_per_start": 0.023808114230632782,
        "converged": 1,
        "failed": 0,
        "convergence_rate": 0.03125,
        "best_likelihood": -43.79848699971973,
        "avg_iterations": 98
    },
    "ecm": {
        "runtime": 1.6121807098388672,
        "avg_time_per_start": 0.0503806471824646,
        "converged": 1,
        "failed": 0,
        "convergence_rate": 0.03125,
        "best_likelihood": -43.798478520121456,
        "avg_iterations": 64
    }
}