{
    "trial_id": 79,
    "slm": {
        "runtime": 6.582806587219238,
        "avg_time_per_start": 0.2057127058506012,
        "converged": 1,
        "failed": 0,
        "convergence_rate": 0.03125,
        "best_objective": 70.9507320454783,
        "avg_iterations": 18
    },
    "em": {
        "runtime": 0.8482508659362793,
        "avg_time_per_start": 0.026507839560508728,
        "converged": 1,
        "failed": 0,
        "convergence_rate": 0.03125,
        "best_likelihood": -42.73836283797604,
        "avg_iterations": 86
    },
    "ecm": {
        "runtime": 1.690626621246338,
        "avg_time_per_start": 0.05283208191394806,
        "converged": 1,
        "failed": 0,
        "convergence_rate": 0.03125,
        "best_likelihood": -42.738344605268665,
        "avg_iterations": 68
    }
}