{
    "trial_id": 51,
    "slm": {
        "runtime": 7.039224863052368,
        "avg_time_per_start": 0.2199757769703865,
        "converged": 1,
        "failed": 0,
        "convergence_rate": 0.03125,
        "best_objective": 70.2168063620351,
        "avg_iterations": 17
    },
    "em": {
        "runtime": 0.8438172340393066,
        "avg_time_per_start": 0.026369288563728333,
        "converged": 1,
        "failed": 0,
        "convergence_rate": 0.03125,
        "best_likelihood": -43.269000557463016,
        "avg_iterations": 83
    },
    "ecm": {
        "runtime": 1.7839972972869873,
        "avg_time_per_start": 0.05574991554021835,
        "converged": 1,
        "failed": 0,
        "convergence_rate": 0.03125,
        "best_likelihood": -43.26895919413844,
        "avg_iterations": 233
    }
}