{
    "trial_id": 74,
    "slm": {
        "runtime": 8.999565362930298,
        "avg_time_per_start": 0.2812364175915718,
        "converged": 1,
        "failed": 0,
        "convergence_rate": 0.03125,
        "best_objective": 69.86001462575769,
        "avg_iterations": 16
    },
    "em": {
        "runtime": 1.011770486831665,
        "avg_time_per_start": 0.03161782771348953,
        "converged": 1,
        "failed": 0,
        "convergence_rate": 0.03125,
        "best_likelihood": -43.11286532019782,
        "avg_iterations": 104
    },
    "ecm": {
        "runtime": 1.9672727584838867,
        "avg_time_per_start": 0.06147727370262146,
        "converged": 1,
        "failed": 0,
        "convergence_rate": 0.03125,
        "best_likelihood": -43.11284466344119,
        "avg_iterations": 218
    }
}