{
    "trial_id": 42,
    "slm": {
        "runtime": 5.878340005874634,
        "avg_time_per_start": 0.1836981251835823,
        "converged": 1,
        "failed": 0,
        "convergence_rate": 0.03125,
        "best_objective": 69.47408685534393,
        "avg_iterations": 16
    },
    "em": {
        "runtime": 0.7983884811401367,
        "avg_time_per_start": 0.024949640035629272,
        "converged": 1,
        "failed": 0,
        "convergence_rate": 0.03125,
        "best_likelihood": -43.1992940735349,
        "avg_iterations": 83
    },
    "ecm": {
        "runtime": 1.5898284912109375,
        "avg_time_per_start": 0.0496821403503418,
        "converged": 1,
        "failed": 0,
        "convergence_rate": 0.03125,
        "best_likelihood": -43.19930194962134,
        "avg_iterations": 62
    }
}