{
    "trial_id": 67,
    "slm": {
        "runtime": 7.560854911804199,
        "avg_time_per_start": 0.23627671599388123,
        "converged": 1,
        "failed": 0,
        "convergence_rate": 0.03125,
        "best_objective": 70.17365867274594,
        "avg_iterations": 16
    },
    "em": {
        "runtime": 0.9392056465148926,
        "avg_time_per_start": 0.029350176453590393,
        "converged": 1,
        "failed": 0,
        "convergence_rate": 0.03125,
        "best_likelihood": -43.28156914123548,
        "avg_iterations": 82
    },
    "ecm": {
        "runtime": 1.757549524307251,
        "avg_time_per_start": 0.05492342263460159,
        "converged": 1,
        "failed": 0,
        "convergence_rate": 0.03125,
        "best_likelihood": -43.28147559028473,
        "avg_iterations": 78
    }
}