{
    "trial_id": 5,
    "slm": {
        "runtime": 5.912749767303467,
        "avg_time_per_start": 0.18477343022823334,
        "converged": 1,
        "failed": 0,
        "convergence_rate": 0.03125,
        "best_objective": 70.01311145009703,
        "avg_iterations": 16
    },
    "em": {
        "runtime": 0.849867582321167,
        "avg_time_per_start": 0.02655836194753647,
        "converged": 1,
        "failed": 0,
        "convergence_rate": 0.03125,
        "best_likelihood": -42.82415332270661,
        "avg_iterations": 99
    },
    "ecm": {
        "runtime": 1.7748756408691406,
        "avg_time_per_start": 0.055464863777160645,
        "converged": 1,
        "failed": 0,
        "convergence_rate": 0.03125,
        "best_likelihood": -42.82401610000888,
        "avg_iterations": 100
    }
}