{
    "trial_id": 53,
    "slm": {
        "runtime": 7.266818523406982,
        "avg_time_per_start": 0.2270880788564682,
        "converged": 1,
        "failed": 0,
        "convergence_rate": 0.03125,
        "best_objective": 69.5374659106794,
        "avg_iterations": 16
    },
    "em": {
        "runtime": 0.8949482440948486,
        "avg_time_per_start": 0.02796713262796402,
        "converged": 1,
        "failed": 0,
        "convergence_rate": 0.03125,
        "best_likelihood": -43.5996879355112,
        "avg_iterations": 88
    },
    "ecm": {
        "runtime": 1.7923493385314941,
        "avg_time_per_start": 0.05601091682910919,
        "converged": 1,
        "failed": 0,
        "convergence_rate": 0.03125,
        "best_likelihood": -43.599571120346,
        "avg_iterations": 228
    }
}