{
    "trial_id": 41,
    "slm": {
        "runtime": 4.513157606124878,
        "avg_time_per_start": 0.14103617519140244,
        "converged": 1,
        "failed": 0,
        "convergence_rate": 0.03125,
        "best_objective": 67.22378986496449,
        "avg_iterations": 23
    },
    "em": {
        "runtime": 0.844595193862915,
        "avg_time_per_start": 0.026393599808216095,
        "converged": 1,
        "failed": 0,
        "convergence_rate": 0.03125,
        "best_likelihood": -43.368315624099225,
        "avg_iterations": 117
    },
    "ecm": {
        "runtime": 1.752265214920044,
        "avg_time_per_start": 0.05475828796625137,
        "converged": 1,
        "failed": 0,
        "convergence_rate": 0.03125,
        "best_likelihood": -43.368316368833796,
        "avg_iterations": 82
    }
}