{
    "trial_id": 73,
    "slm": {
        "runtime": 7.443293333053589,
        "avg_time_per_start": 0.23260291665792465,
        "converged": 1,
        "failed": 0,
        "convergence_rate": 0.03125,
        "best_objective": 69.85672768513233,
        "avg_iterations": 16
    },
    "em": {
        "runtime": 0.9187724590301514,
        "avg_time_per_start": 0.02871163934469223,
        "converged": 1,
        "failed": 0,
        "convergence_rate": 0.03125,
        "best_likelihood": -42.78287654602184,
        "avg_iterations": 104
    },
    "ecm": {
        "runtime": 1.9090209007263184,
        "avg_time_per_start": 0.05965690314769745,
        "converged": 1,
        "failed": 0,
        "convergence_rate": 0.03125,
        "best_likelihood": -42.78271237011697,
        "avg_iterations": 215
    }
}