{
    "trial_id": 86,
    "slm": {
        "runtime": 6.536562204360962,
        "avg_time_per_start": 0.20426756888628006,
        "converged": 1,
        "failed": 0,
        "convergence_rate": 0.03125,
        "best_objective": 68.30899953385119,
        "avg_iterations": 30
    },
    "em": {
        "runtime": 0.9413042068481445,
        "avg_time_per_start": 0.029415756464004517,
        "converged": 1,
        "failed": 0,
        "convergence_rate": 0.03125,
        "best_likelihood": -43.21563600674557,
        "avg_iterations": 99
    },
    "ecm": {
        "runtime": 1.8884131908416748,
        "avg_time_per_start": 0.05901291221380234,
        "converged": 1,
        "failed": 0,
        "convergence_rate": 0.03125,
        "best_likelihood": -43.21542904641958,
        "avg_iterations": 291
    }
}