{
    "trial_id": 78,
    "slm": {
        "runtime": 5.660868406295776,
        "avg_time_per_start": 0.176902137696743,
        "converged": 1,
        "failed": 0,
        "convergence_rate": 0.03125,
        "best_objective": 66.40771442080269,
        "avg_iterations": 16
    },
    "em": {
        "runtime": 0.881263017654419,
        "avg_time_per_start": 0.027539469301700592,
        "converged": 1,
        "failed": 0,
        "convergence_rate": 0.03125,
        "best_likelihood": -43.46337522501035,
        "avg_iterations": 89
    },
    "ecm": {
        "runtime": 1.7975704669952393,
        "avg_time_per_start": 0.05617407709360123,
        "converged": 1,
        "failed": 0,
        "convergence_rate": 0.03125,
        "best_likelihood": -43.46331291096921,
        "avg_iterations": 68
    }
}