{
    "trial_id": 22,
    "slm": {
        "runtime": 8.478163242340088,
        "avg_time_per_start": 0.26494260132312775,
        "converged": 1,
        "failed": 0,
        "convergence_rate": 0.03125,
        "best_objective": 67.58780079243547,
        "avg_iterations": 25
    },
    "em": {
        "runtime": 1.949188232421875,
        "avg_time_per_start": 0.060912132263183594,
        "converged": 1,
        "failed": 0,
        "convergence_rate": 0.03125,
        "best_likelihood": -43.88453034691672,
        "avg_iterations": 106
    },
    "ecm": {
        "runtime": 3.57297420501709,
        "avg_time_per_start": 0.11165544390678406,
        "converged": 1,
        "failed": 0,
        "convergence_rate": 0.03125,
        "best_likelihood": -43.884307489058294,
        "avg_iterations": 193
    }
}