{
    "trial_id": 75,
    "slm": {
        "runtime": 7.1899497509002686,
        "avg_time_per_start": 0.2246859297156334,
        "converged": 1,
        "failed": 0,
        "convergence_rate": 0.03125,
        "best_objective": 69.79403315575206,
        "avg_iterations": 17
    },
    "em": {
        "runtime": 0.894096851348877,
        "avg_time_per_start": 0.027940526604652405,
        "converged": 1,
        "failed": 0,
        "convergence_rate": 0.03125,
        "best_likelihood": -42.841487171758956,
        "avg_iterations": 88
    },
    "ecm": {
        "runtime": 1.700723648071289,
        "avg_time_per_start": 0.05314761400222778,
        "converged": 1,
        "failed": 0,
        "convergence_rate": 0.03125,
        "best_likelihood": -42.84136796765402,
        "avg_iterations": 77
    }
}