{
    "trial_id": 85,
    "slm": {
        "runtime": 5.24284553527832,
        "avg_time_per_start": 0.1638389229774475,
        "converged": 1,
        "failed": 0,
        "convergence_rate": 0.03125,
        "best_objective": 67.64029970480932,
        "avg_iterations": 18
    },
    "em": {
        "runtime": 0.8694748878479004,
        "avg_time_per_start": 0.027171090245246887,
        "converged": 1,
        "failed": 0,
        "convergence_rate": 0.03125,
        "best_likelihood": -43.18707432858233,
        "avg_iterations": 98
    },
    "ecm": {
        "runtime": 1.858776330947876,
        "avg_time_per_start": 0.058086760342121124,
        "converged": 1,
        "failed": 0,
        "convergence_rate": 0.03125,
        "best_likelihood": -43.18706853943824,
        "avg_iterations": 79
    }
}