{
    "trial_id": 17,
    "slm": {
        "runtime": 9.390698671340942,
        "avg_time_per_start": 0.29345933347940445,
        "converged": 1,
        "failed": 0,
        "convergence_rate": 0.03125,
        "best_objective": 68.76663237038643,
        "avg_iterations": 17
    },
    "em": {
        "runtime": 1.5048058032989502,
        "avg_time_per_start": 0.047025181353092194,
        "converged": 1,
        "failed": 0,
        "convergence_rate": 0.03125,
        "best_likelihood": -43.788183132750035,
        "avg_iterations": 92
    },
    "ecm": {
        "runtime": 3.047128200531006,
        "avg_time_per_start": 0.09522275626659393,
        "converged": 1,
        "failed": 0,
        "convergence_rate": 0.03125,
        "best_likelihood": -43.78803703428558,
        "avg_iterations": 230
    }
}