{
    "trial_id": 38,
    "slm": {
        "runtime": 6.133068561553955,
        "avg_time_per_start": 0.1916583925485611,
        "converged": 1,
        "failed": 0,
        "convergence_rate": 0.03125,
        "best_objective": 69.80847189791068,
        "avg_iterations": 16
    },
    "em": {
        "runtime": 0.9132480621337891,
        "avg_time_per_start": 0.028539001941680908,
        "converged": 1,
        "failed": 0,
        "convergence_rate": 0.03125,
        "best_likelihood": -42.73464005022046,
        "avg_iterations": 94
    },
    "ecm": {
        "runtime": 1.9395086765289307,
        "avg_time_per_start": 0.06060964614152908,
        "converged": 1,
        "failed": 0,
        "convergence_rate": 0.03125,
        "best_likelihood": -42.73463433967,
        "avg_iterations": 75
    }
}