{
    "trial_id": 49,
    "slm": {
        "runtime": 6.465578317642212,
        "avg_time_per_start": 0.20204932242631912,
        "converged": 1,
        "failed": 0,
        "convergence_rate": 0.03125,
        "best_objective": 68.37192870216182,
        "avg_iterations": 17
    },
    "em": {
        "runtime": 0.9335899353027344,
        "avg_time_per_start": 0.02917468547821045,
        "converged": 1,
        "failed": 0,
        "convergence_rate": 0.03125,
        "best_likelihood": -43.247845864774305,
        "avg_iterations": 87
    },
    "ecm": {
        "runtime": 1.905752182006836,
        "avg_time_per_start": 0.05955475568771362,
        "converged": 1,
        "failed": 0,
        "convergence_rate": 0.03125,
        "best_likelihood": -43.24777801328197,
        "avg_iterations": 76
    }
}