{
    "trial_id": 50,
    "slm": {
        "runtime": 7.02855920791626,
        "avg_time_per_start": 0.21964247524738312,
        "converged": 1,
        "failed": 0,
        "convergence_rate": 0.03125,
        "best_objective": 68.85084388968427,
        "avg_iterations": 22
    },
    "em": {
        "runtime": 0.815138578414917,
        "avg_time_per_start": 0.025473080575466156,
        "converged": 1,
        "failed": 0,
        "convergence_rate": 0.03125,
        "best_likelihood": -43.63538075821523,
        "avg_iterations": 95
    },
    "ecm": {
        "runtime": 1.6870272159576416,
        "avg_time_per_start": 0.0527196004986763,
        "converged": 1,
        "failed": 0,
        "convergence_rate": 0.03125,
        "best_likelihood": -43.63526840424254,
        "avg_iterations": 92
    }
}