{
    "trial_id": 55,
    "slm": {
        "runtime": 5.593449115753174,
        "avg_time_per_start": 0.17479528486728668,
        "converged": 1,
        "failed": 0,
        "convergence_rate": 0.03125,
        "best_objective": 68.52699603466279,
        "avg_iterations": 25
    },
    "em": {
        "runtime": 0.8849678039550781,
        "avg_time_per_start": 0.02765524387359619,
        "converged": 1,
        "failed": 0,
        "convergence_rate": 0.03125,
        "best_likelihood": -43.191605606320735,
        "avg_iterations": 90
    },
    "ecm": {
        "runtime": 1.7712812423706055,
        "avg_time_per_start": 0.05535253882408142,
        "converged": 1,
        "failed": 0,
        "convergence_rate": 0.03125,
        "best_likelihood": -43.19149541692678,
        "avg_iterations": 227
    }
}