{
    "trial_id": 32,
    "slm": {
        "runtime": 5.833662986755371,
        "avg_time_per_start": 0.18230196833610535,
        "converged": 1,
        "failed": 0,
        "convergence_rate": 0.03125,
        "best_objective": 67.79836544229427,
        "avg_iterations": 17
    },
    "em": {
        "runtime": 0.8826949596405029,
        "avg_time_per_start": 0.027584217488765717,
        "converged": 1,
        "failed": 0,
        "convergence_rate": 0.03125,
        "best_likelihood": -43.1497099966419,
        "avg_iterations": 104
    },
    "ecm": {
        "runtime": 1.7382736206054688,
        "avg_time_per_start": 0.0543210506439209,
        "converged": 1,
        "failed": 0,
        "convergence_rate": 0.03125,
        "best_likelihood": -43.14957534707678,
        "avg_iterations": 80
    }
}