{
    "trial_id": 89,
    "slm": {
        "runtime": 5.732702970504761,
        "avg_time_per_start": 0.17914696782827377,
        "converged": 1,
        "failed": 0,
        "convergence_rate": 0.03125,
        "best_objective": 70.4289777885076,
        "avg_iterations": 23
    },
    "em": {
        "runtime": 0.7221243381500244,
        "avg_time_per_start": 0.022566385567188263,
        "converged": 1,
        "failed": 0,
        "convergence_rate": 0.03125,
        "best_likelihood": -43.52378494935023,
        "avg_iterations": 104
    },
    "ecm": {
        "runtime": 1.4411382675170898,
        "avg_time_per_start": 0.04503557085990906,
        "converged": 1,
        "failed": 0,
        "convergence_rate": 0.03125,
        "best_likelihood": -43.52358450052192,
        "avg_iterations": 86
    }
}