{
    "trial_id": 33,
    "slm": {
        "runtime": 6.054316282272339,
        "avg_time_per_start": 0.1891973838210106,
        "converged": 1,
        "failed": 0,
        "convergence_rate": 0.03125,
        "best_objective": 70.7859102108838,
        "avg_iterations": 18
    },
    "em": {
        "runtime": 0.9662837982177734,
        "avg_time_per_start": 0.03019636869430542,
        "converged": 1,
        "failed": 0,
        "convergence_rate": 0.03125,
        "best_likelihood": -43.609817674966735,
        "avg_iterations": 89
    },
    "ecm": {
        "runtime": 1.8993034362792969,
        "avg_time_per_start": 0.05935323238372803,
        "converged": 1,
        "failed": 0,
        "convergence_rate": 0.03125,
        "best_likelihood": -43.609697428970826,
        "avg_iterations": 91
    }
}