{
    "trial_id": 11,
    "slm": {
        "runtime": 9.452060461044312,
        "avg_time_per_start": 0.29537688940763474,
        "converged": 1,
        "failed": 0,
        "convergence_rate": 0.03125,
        "best_objective": 68.74933357341791,
        "avg_iterations": 29
    },
    "em": {
        "runtime": 2.223187208175659,
        "avg_time_per_start": 0.06947460025548935,
        "converged": 1,
        "failed": 0,
        "convergence_rate": 0.03125,
        "best_likelihood": -42.51881476801057,
        "avg_iterations": 101
    },
    "ecm": {
        "runtime": 3.3097825050354004,
        "avg_time_per_start": 0.10343070328235626,
        "converged": 1,
        "failed": 0,
        "convergence_rate": 0.03125,
        "best_likelihood": -42.51875242972713,
        "avg_iterations": 191
    }
}