{
    "trial_id": 28,
    "slm": {
        "runtime": 8.562040090560913,
        "avg_time_per_start": 0.26756375283002853,
        "converged": 1,
        "failed": 0,
        "convergence_rate": 0.03125,
        "best_objective": 66.97142698027058,
        "avg_iterations": 17
    },
    "em": {
        "runtime": 1.554433822631836,
        "avg_time_per_start": 0.04857605695724487,
        "converged": 1,
        "failed": 0,
        "convergence_rate": 0.03125,
        "best_likelihood": -42.821061465524416,
        "avg_iterations": 98
    },
    "ecm": {
        "runtime": 3.2417986392974854,
        "avg_time_per_start": 0.10130620747804642,
        "converged": 1,
        "failed": 0,
        "convergence_rate": 0.03125,
        "best_likelihood": -42.8210451930535,
        "avg_iterations": 62
    }
}