{
    "trial_id": 8,
    "slm": {
        "runtime": 9.821831703186035,
        "avg_time_per_start": 0.3069322407245636,
        "converged": 1,
        "failed": 0,
        "convergence_rate": 0.03125,
        "best_objective": 67.36518014296395,
        "avg_iterations": 17
    },
    "em": {
        "runtime": 1.787304401397705,
        "avg_time_per_start": 0.055853262543678284,
        "converged": 1,
        "failed": 0,
        "convergence_rate": 0.03125,
        "best_likelihood": -43.352723666939326,
        "avg_iterations": 88
    },
    "ecm": {
        "runtime": 3.180727958679199,
        "avg_time_per_start": 0.09939774870872498,
        "converged": 1,
        "failed": 0,
        "convergence_rate": 0.03125,
        "best_likelihood": -43.35242433608343,
        "avg_iterations": 223
    }
}