{
    "trial_id": 97,
    "slm": {
        "runtime": 5.785649299621582,
        "avg_time_per_start": 0.18080154061317444,
        "converged": 1,
        "failed": 0,
        "convergence_rate": 0.03125,
        "best_objective": 69.46952812790627,
        "avg_iterations": 16
    },
    "em": {
        "runtime": 0.8265273571014404,
        "avg_time_per_start": 0.025828979909420013,
        "converged": 1,
        "failed": 0,
        "convergence_rate": 0.03125,
        "best_likelihood": -42.94951675267758,
        "avg_iterations": 95
    },
    "ecm": {
        "runtime": 1.667809247970581,
        "avg_time_per_start": 0.05211903899908066,
        "converged": 1,
        "failed": 0,
        "convergence_rate": 0.03125,
        "best_likelihood": -42.949441691862305,
        "avg_iterations": 206
    }
}