{
    "trial_id": 37,
    "slm": {
        "runtime": 6.653500080108643,
        "avg_time_per_start": 0.20792187750339508,
        "converged": 1,
        "failed": 0,
        "convergence_rate": 0.03125,
        "best_objective": 69.87861997880925,
        "avg_iterations": 16
    },
    "em": {
        "runtime": 0.9842631816864014,
        "avg_time_per_start": 0.030758224427700043,
        "converged": 1,
        "failed": 0,
        "convergence_rate": 0.03125,
        "best_likelihood": -43.34855918560078,
        "avg_iterations": 96
    },
    "ecm": {
        "runtime": 1.9007010459899902,
        "avg_time_per_start": 0.059396907687187195,
        "converged": 1,
        "failed": 0,
        "convergence_rate": 0.03125,
        "best_likelihood": -43.34842714299852,
        "avg_iterations": 98
    }
}