{
    "trial_id": 56,
    "slm": {
        "runtime": 6.308221101760864,
        "avg_time_per_start": 0.197131909430027,
        "converged": 1,
        "failed": 0,
        "convergence_rate": 0.03125,
        "best_objective": 70.30176317264115,
        "avg_iterations": 16
    },
    "em": {
        "runtime": 0.8397443294525146,
        "avg_time_per_start": 0.026242010295391083,
        "converged": 1,
        "failed": 0,
        "convergence_rate": 0.03125,
        "best_likelihood": -43.54711302600589,
        "avg_iterations": 101
    },
    "ecm": {
        "runtime": 1.7311851978302002,
        "avg_time_per_start": 0.054099537432193756,
        "converged": 1,
        "failed": 0,
        "convergence_rate": 0.03125,
        "best_likelihood": -43.54675813828329,
        "avg_iterations": 85
    }
}