{
    "trial_id": 88,
    "slm": {
        "runtime": 6.444808006286621,
        "avg_time_per_start": 0.2014002501964569,
        "converged": 1,
        "failed": 0,
        "convergence_rate": 0.03125,
        "best_objective": 69.69646255510511,
        "avg_iterations": 34
    },
    "em": {
        "runtime": 0.8946735858917236,
        "avg_time_per_start": 0.027958549559116364,
        "converged": 1,
        "failed": 0,
        "convergence_rate": 0.03125,
        "best_likelihood": -42.83940550086116,
        "avg_iterations": 101
    },
    "ecm": {
        "runtime": 1.7732107639312744,
        "avg_time_per_start": 0.055412836372852325,
        "converged": 1,
        "failed": 0,
        "convergence_rate": 0.03125,
        "best_likelihood": -42.83935390667956,
        "avg_iterations": 104
    }
}