{
    "trial_id": 9,
    "slm": {
        "runtime": 8.511532545089722,
        "avg_time_per_start": 0.2659853920340538,
        "converged": 1,
        "failed": 0,
        "convergence_rate": 0.03125,
        "best_objective": 68.38121677819927,
        "avg_iterations": 32
    },
    "em": {
        "runtime": 1.5809776782989502,
        "avg_time_per_start": 0.049405552446842194,
        "converged": 1,
        "failed": 0,
        "convergence_rate": 0.03125,
        "best_likelihood": -43.541872656396414,
        "avg_iterations": 98
    },
    "ecm": {
        "runtime": 3.1219699382781982,
        "avg_time_per_start": 0.0975615605711937,
        "converged": 1,
        "failed": 0,
        "convergence_rate": 0.03125,
        "best_likelihood": -43.54157390631713,
        "avg_iterations": 141
    }
}