{
    "trial_id": 6,
    "slm": {
        "runtime": 4.833301544189453,
        "avg_time_per_start": 0.1510406732559204,
        "converged": 1,
        "failed": 0,
        "convergence_rate": 0.03125,
        "best_objective": 69.94172459511326,
        "avg_iterations": 23
    },
    "em": {
        "runtime": 0.6940538883209229,
        "avg_time_per_start": 0.02168918401002884,
        "converged": 1,
        "failed": 0,
        "convergence_rate": 0.03125,
        "best_likelihood": -42.76344149321949,
        "avg_iterations": 96
    },
    "ecm": {
        "runtime": 1.4625494480133057,
        "avg_time_per_start": 0.0457046702504158,
        "converged": 1,
        "failed": 0,
        "convergence_rate": 0.03125,
        "best_likelihood": -42.76337441868877,
        "avg_iterations": 81
    }
}