{
    "trial_id": 61,
    "slm": {
        "runtime": 6.213424921035767,
        "avg_time_per_start": 0.1941695287823677,
        "converged": 1,
        "failed": 0,
        "convergence_rate": 0.03125,
        "best_objective": 71.07614448115675,
        "avg_iterations": 22
    },
    "em": {
        "runtime": 0.8053312301635742,
        "avg_time_per_start": 0.025166600942611694,
        "converged": 1,
        "failed": 0,
        "convergence_rate": 0.03125,
        "best_likelihood": -42.92891952383317,
        "avg_iterations": 102
    },
    "ecm": {
        "runtime": 1.679945945739746,
        "avg_time_per_start": 0.052498310804367065,
        "converged": 1,
        "failed": 0,
        "convergence_rate": 0.03125,
        "best_likelihood": -42.92878362978756,
        "avg_iterations": 83
    }
}