{
    "trial_id": 20,
    "slm": {
        "runtime": 9.583064079284668,
        "avg_time_per_start": 0.2994707524776459,
        "converged": 1,
        "failed": 0,
        "convergence_rate": 0.03125,
        "best_objective": 70.82925526467278,
        "avg_iterations": 19
    },
    "em": {
        "runtime": 1.5909667015075684,
        "avg_time_per_start": 0.04971770942211151,
        "converged": 1,
        "failed": 0,
        "convergence_rate": 0.03125,
        "best_likelihood": -42.82472528850877,
        "avg_iterations": 98
    },
    "ecm": {
        "runtime": 2.844736099243164,
        "avg_time_per_start": 0.08889800310134888,
        "converged": 1,
        "failed": 0,
        "convergence_rate": 0.03125,
        "best_likelihood": -42.824544474227125,
        "avg_iterations": 233
    }
}