{
    "trial_id": 45,
    "slm": {
        "runtime": 6.965562343597412,
        "avg_time_per_start": 0.21767382323741913,
        "converged": 1,
        "failed": 0,
        "convergence_rate": 0.03125,
        "best_objective": 69.23943033662114,
        "avg_iterations": 37
    },
    "em": {
        "runtime": 0.9908921718597412,
        "avg_time_per_start": 0.030965380370616913,
        "converged": 1,
        "failed": 0,
        "convergence_rate": 0.03125,
        "best_likelihood": -43.28256989761866,
        "avg_iterations": 96
    },
    "ecm": {
        "runtime": 2.090583562850952,
        "avg_time_per_start": 0.06533073633909225,
        "converged": 1,
        "failed": 0,
        "convergence_rate": 0.03125,
        "best_likelihood": -43.282449104463645,
        "avg_iterations": 97
    }
}