{
    "trial_id": 63,
    "slm": {
        "runtime": 5.822163343429565,
        "avg_time_per_start": 0.18194260448217392,
        "converged": 1,
        "failed": 0,
        "convergence_rate": 0.03125,
        "best_objective": 68.9579492518512,
        "avg_iterations": 16
    },
    "em": {
        "runtime": 0.8259844779968262,
        "avg_time_per_start": 0.025812014937400818,
        "converged": 1,
        "failed": 0,
        "convergence_rate": 0.03125,
        "best_likelihood": -42.96567632617754,
        "avg_iterations": 89
    },
    "ecm": {
        "runtime": 1.6863398551940918,
        "avg_time_per_start": 0.05269812047481537,
        "converged": 1,
        "failed": 0,
        "convergence_rate": 0.03125,
        "best_likelihood": -42.9655616057279,
        "avg_iterations": 86
    }
}