{
    "trial_id": 94,
    "slm": {
        "runtime": 5.455492734909058,
        "avg_time_per_start": 0.17048414796590805,
        "converged": 1,
        "failed": 0,
        "convergence_rate": 0.03125,
        "best_objective": 69.23997057768,
        "avg_iterations": 17
    },
    "em": {
        "runtime": 0.730888843536377,
        "avg_time_per_start": 0.02284027636051178,
        "converged": 1,
        "failed": 0,
        "convergence_rate": 0.03125,
        "best_likelihood": -42.929609551701844,
        "avg_iterations": 108
    },
    "ecm": {
        "runtime": 1.581023931503296,
        "avg_time_per_start": 0.049406997859478,
        "converged": 1,
        "failed": 0,
        "convergence_rate": 0.03125,
        "best_likelihood": -42.929475081023,
        "avg_iterations": 90
    }
}