{
    "trial_id": 31,
    "slm": {
        "runtime": 7.82644248008728,
        "avg_time_per_start": 0.2445763275027275,
        "converged": 1,
        "failed": 0,
        "convergence_rate": 0.03125,
        "best_objective": 68.07454254540274,
        "avg_iterations": 23
    },
    "em": {
        "runtime": 1.2664403915405273,
        "avg_time_per_start": 0.03957626223564148,
        "converged": 1,
        "failed": 0,
        "convergence_rate": 0.03125,
        "best_likelihood": -43.397184758381556,
        "avg_iterations": 78
    },
    "ecm": {
        "runtime": 1.709322452545166,
        "avg_time_per_start": 0.05341632664203644,
        "converged": 1,
        "failed": 0,
        "convergence_rate": 0.03125,
        "best_likelihood": -43.39717898128204,
        "avg_iterations": 66
    }
}