{
    "trial_id": 87,
    "slm": {
        "runtime": 5.926327466964722,
        "avg_time_per_start": 0.18519773334264755,
        "converged": 1,
        "failed": 0,
        "convergence_rate": 0.03125,
        "best_objective": 69.18571474708983,
        "avg_iterations": 29
    },
    "em": {
        "runtime": 0.7515878677368164,
        "avg_time_per_start": 0.023487120866775513,
        "converged": 1,
        "failed": 0,
        "convergence_rate": 0.03125,
        "best_likelihood": -43.366456412871486,
        "avg_iterations": 89
    },
    "ecm": {
        "runtime": 1.612365961074829,
        "avg_time_per_start": 0.05038643628358841,
        "converged": 1,
        "failed": 0,
        "convergence_rate": 0.03125,
        "best_likelihood": -43.366357203902695,
        "avg_iterations": 181
    }
}