{
    "trial_id": 24,
    "slm": {
        "runtime": 8.526886224746704,
        "avg_time_per_start": 0.2664651945233345,
        "converged": 1,
        "failed": 0,
        "convergence_rate": 0.03125,
        "best_objective": 69.74574066370832,
        "avg_iterations": 25
    },
    "em": {
        "runtime": 1.6230502128601074,
        "avg_time_per_start": 0.05072031915187836,
        "converged": 1,
        "failed": 0,
        "convergence_rate": 0.03125,
        "best_likelihood": -42.54577251725895,
        "avg_iterations": 105
    },
    "ecm": {
        "runtime": 3.005817413330078,
        "avg_time_per_start": 0.09393179416656494,
        "converged": 1,
        "failed": 0,
        "convergence_rate": 0.03125,
        "best_likelihood": -42.54538481064688,
        "avg_iterations": 174
    }
}