{
    "trial_id": 25,
    "slm": {
        "runtime": 7.9409239292144775,
        "avg_time_per_start": 0.24815387278795242,
        "converged": 1,
        "failed": 0,
        "convergence_rate": 0.03125,
        "best_objective": 66.5030756839027,
        "avg_iterations": 29
    },
    "em": {
        "runtime": 1.6626636981964111,
        "avg_time_per_start": 0.05195824056863785,
        "converged": 1,
        "failed": 0,
        "convergence_rate": 0.03125,
        "best_likelihood": -43.35941154856697,
        "avg_iterations": 93
    },
    "ecm": {
        "runtime": 3.1856391429901123,
        "avg_time_per_start": 0.09955122321844101,
        "converged": 1,
        "failed": 0,
        "convergence_rate": 0.03125,
        "best_likelihood": -43.359410976476525,
        "avg_iterations": 75
    }
}