{
    "trial_id": 98,
    "slm": {
        "runtime": 4.203564405441284,
        "avg_time_per_start": 0.13136138767004013,
        "converged": 1,
        "failed": 0,
        "convergence_rate": 0.03125,
        "best_objective": 68.44222755487327,
        "avg_iterations": 25
    },
    "em": {
        "runtime": 0.8294386863708496,
        "avg_time_per_start": 0.02591995894908905,
        "converged": 1,
        "failed": 0,
        "convergence_rate": 0.03125,
        "best_likelihood": -43.25680619310231,
        "avg_iterations": 95
    },
    "ecm": {
        "runtime": 1.7526962757110596,
        "avg_time_per_start": 0.05477175861597061,
        "converged": 1,
        "failed": 0,
        "convergence_rate": 0.03125,
        "best_likelihood": -43.256695655887256,
        "avg_iterations": 62
    }
}