{
    "trial_id": 36,
    "slm": {
        "runtime": 7.0267040729522705,
        "avg_time_per_start": 0.21958450227975845,
        "converged": 1,
        "failed": 0,
        "convergence_rate": 0.03125,
        "best_objective": 69.133860846073,
        "avg_iterations": 16
    },
    "em": {
        "runtime": 0.7363989353179932,
        "avg_time_per_start": 0.023012466728687286,
        "converged": 1,
        "failed": 0,
        "convergence_rate": 0.03125,
        "best_likelihood": -42.64093531989439,
        "avg_iterations": 85
    },
    "ecm": {
        "runtime": 1.6544523239135742,
        "avg_time_per_start": 0.051701635122299194,
        "converged": 1,
        "failed": 0,
        "convergence_rate": 0.03125,
        "best_likelihood": -42.64087376020311,
        "avg_iterations": 82
    }
}