{
    "trial_id": 95,
    "slm": {
        "runtime": 6.90822434425354,
        "avg_time_per_start": 0.21588201075792313,
        "converged": 1,
        "failed": 0,
        "convergence_rate": 0.03125,
        "best_objective": 70.3849239810143,
        "avg_iterations": 17
    },
    "em": {
        "runtime": 0.7662689685821533,
        "avg_time_per_start": 0.02394590526819229,
        "converged": 1,
        "failed": 0,
        "convergence_rate": 0.03125,
        "best_likelihood": -43.45360431846992,
        "avg_iterations": 93
    },
    "ecm": {
        "runtime": 1.5325205326080322,
        "avg_time_per_start": 0.04789126664400101,
        "converged": 1,
        "failed": 0,
        "convergence_rate": 0.03125,
        "best_likelihood": -43.45347250683015,
        "avg_iterations": 92
    }
}