{
    "trial_id": 10,
    "slm": {
        "runtime": 11.638089179992676,
        "avg_time_per_start": 0.3636902868747711,
        "converged": 1,
        "failed": 0,
        "convergence_rate": 0.03125,
        "best_objective": 68.7175643741421,
        "avg_iterations": 16
    },
    "em": {
        "runtime": 1.5891456604003906,
        "avg_time_per_start": 0.04966080188751221,
        "converged": 1,
        "failed": 0,
        "convergence_rate": 0.03125,
        "best_likelihood": -43.11218643146152,
        "avg_iterations": 87
    },
    "ecm": {
        "runtime": 3.034578800201416,
        "avg_time_per_start": 0.09483058750629425,
        "converged": 1,
        "failed": 0,
        "convergence_rate": 0.03125,
        "best_likelihood": -43.11209438390469,
        "avg_iterations": 80
    }
}