{
    "trial_id": 71,
    "slm": {
        "runtime": 6.00462532043457,
        "avg_time_per_start": 0.18764454126358032,
        "converged": 1,
        "failed": 0,
        "convergence_rate": 0.03125,
        "best_objective": 67.27613500346837,
        "avg_iterations": 16
    },
    "em": {
        "runtime": 0.8518631458282471,
        "avg_time_per_start": 0.02662072330713272,
        "converged": 1,
        "failed": 0,
        "convergence_rate": 0.03125,
        "best_likelihood": -43.783615241179376,
        "avg_iterations": 79
    },
    "ecm": {
        "runtime": 1.7724134922027588,
        "avg_time_per_start": 0.05538792163133621,
        "converged": 1,
        "failed": 0,
        "convergence_rate": 0.03125,
        "best_likelihood": -43.783213752780085,
        "avg_iterations": 141
    }
}