{
    "trial_id": 7,
    "slm": {
        "runtime": 8.751286745071411,
        "avg_time_per_start": 0.2734777107834816,
        "converged": 1,
        "failed": 0,
        "convergence_rate": 0.03125,
        "best_objective": 68.78139211146845,
        "avg_iterations": 25
    },
    "em": {
        "runtime": 0.9209582805633545,
        "avg_time_per_start": 0.028779946267604828,
        "converged": 1,
        "failed": 0,
        "convergence_rate": 0.03125,
        "best_likelihood": -43.468147002459006,
        "avg_iterations": 109
    },
    "ecm": {
        "runtime": 2.1135623455047607,
        "avg_time_per_start": 0.06604882329702377,
        "converged": 1,
        "failed": 0,
        "convergence_rate": 0.03125,
        "best_likelihood": -43.46787117534905,
        "avg_iterations": 244
    }
}