{
    "trial_id": 43,
    "slm": {
        "runtime": 5.746493339538574,
        "avg_time_per_start": 0.17957791686058044,
        "converged": 1,
        "failed": 0,
        "convergence_rate": 0.03125,
        "best_objective": 68.09794830360899,
        "avg_iterations": 22
    },
    "em": {
        "runtime": 0.9109225273132324,
        "avg_time_per_start": 0.028466328978538513,
        "converged": 1,
        "failed": 0,
        "convergence_rate": 0.03125,
        "best_likelihood": -43.43854547620244,
        "avg_iterations": 104
    },
    "ecm": {
        "runtime": 1.7942602634429932,
        "avg_time_per_start": 0.056070633232593536,
        "converged": 1,
        "failed": 0,
        "convergence_rate": 0.03125,
        "best_likelihood": -43.438373531014435,
        "avg_iterations": 85
    }
}