{
    "trial_id": 93,
    "slm": {
        "runtime": 5.451894044876099,
        "avg_time_per_start": 0.17037168890237808,
        "converged": 1,
        "failed": 0,
        "convergence_rate": 0.03125,
        "best_objective": 68.52064200294879,
        "avg_iterations": 23
    },
    "em": {
        "runtime": 0.9061391353607178,
        "avg_time_per_start": 0.02831684798002243,
        "converged": 1,
        "failed": 0,
        "convergence_rate": 0.03125,
        "best_likelihood": -42.73193752560276,
        "avg_iterations": 94
    },
    "ecm": {
        "runtime": 1.7944378852844238,
        "avg_time_per_start": 0.056076183915138245,
        "converged": 1,
        "failed": 0,
        "convergence_rate": 0.03125,
        "best_likelihood": -42.73191694968958,
        "avg_iterations": 71
    }
}