{
    "trial_id": 2,
    "slm": {
        "runtime": 9.40112829208374,
        "avg_time_per_start": 0.2937852591276169,
        "converged": 1,
        "failed": 0,
        "convergence_rate": 0.03125,
        "best_objective": 69.60486006238396,
        "avg_iterations": 16
    },
    "em": {
        "runtime": 1.2506113052368164,
        "avg_time_per_start": 0.03908160328865051,
        "converged": 1,
        "failed": 0,
        "convergence_rate": 0.03125,
        "best_likelihood": -42.344623708436146,
        "avg_iterations": 87
    },
    "ecm": {
        "runtime": 2.3844761848449707,
        "avg_time_per_start": 0.07451488077640533,
        "converged": 1,
        "failed": 0,
        "convergence_rate": 0.03125,
        "best_likelihood": -42.344622550842175,
        "avg_iterations": 71
    }
}