{
    "trial_id": 3,
    "slm": {
        "runtime": 8.22540807723999,
        "avg_time_per_start": 0.2570440024137497,
        "converged": 1,
        "failed": 0,
        "convergence_rate": 0.03125,
        "best_objective": 71.08775221432282,
        "avg_iterations": 17
    },
    "em": {
        "runtime": 1.2439734935760498,
        "avg_time_per_start": 0.038874171674251556,
        "converged": 1,
        "failed": 0,
        "convergence_rate": 0.03125,
        "best_likelihood": -42.984676576859826,
        "avg_iterations": 93
    },
    "ecm": {
        "runtime": 2.4700541496276855,
        "avg_time_per_start": 0.07718919217586517,
        "converged": 1,
        "failed": 0,
        "convergence_rate": 0.03125,
        "best_likelihood": -42.984592268749054,
        "avg_iterations": 95
    }
}