{
    "trial_id": 35,
    "slm": {
        "runtime": 4.932703733444214,
        "avg_time_per_start": 0.15414699167013168,
        "converged": 1,
        "failed": 0,
        "convergence_rate": 0.03125,
        "best_objective": 67.57625948376896,
        "avg_iterations": 16
    },
    "em": {
        "runtime": 0.7893288135528564,
        "avg_time_per_start": 0.024666525423526764,
        "converged": 1,
        "failed": 0,
        "convergence_rate": 0.03125,
        "best_likelihood": -43.263333421885406,
        "avg_iterations": 97
    },
    "ecm": {
        "runtime": 1.516334056854248,
        "avg_time_per_start": 0.04738543927669525,
        "converged": 1,
        "failed": 0,
        "convergence_rate": 0.03125,
        "best_likelihood": -43.26321180144453,
        "avg_iterations": 98
    }
}