{
    "trial_id": 15,
    "slm": {
        "runtime": 9.167972803115845,
        "avg_time_per_start": 0.28649915009737015,
        "converged": 1,
        "failed": 0,
        "convergence_rate": 0.03125,
        "best_objective": 70.39137435078479,
        "avg_iterations": 61
    },
    "em": {
        "runtime": 1.5465779304504395,
        "avg_time_per_start": 0.04833056032657623,
        "converged": 1,
        "failed": 0,
        "convergence_rate": 0.03125,
        "best_likelihood": -43.25759683996762,
        "avg_iterations": 86
    },
    "ecm": {
        "runtime": 2.988158702850342,
        "avg_time_per_start": 0.09337995946407318,
        "converged": 1,
        "failed": 0,
        "convergence_rate": 0.03125,
        "best_likelihood": -43.25756741484755,
        "avg_iterations": 160
    }
}