{
    "trial_id": 80,
    "slm": {
        "runtime": 4.560561418533325,
        "avg_time_per_start": 0.1425175443291664,
        "converged": 1,
        "failed": 0,
        "convergence_rate": 0.03125,
        "best_objective": 68.74260644101624,
        "avg_iterations": 21
    },
    "em": {
        "runtime": 0.8481531143188477,
        "avg_time_per_start": 0.02650478482246399,
        "converged": 1,
        "failed": 0,
        "convergence_rate": 0.03125,
        "best_likelihood": -43.1008230375249,
        "avg_iterations": 113
    },
    "ecm": {
        "runtime": 1.6996128559112549,
        "avg_time_per_start": 0.053112901747226715,
        "converged": 1,
        "failed": 0,
        "convergence_rate": 0.03125,
        "best_likelihood": -43.10055527579864,
        "avg_iterations": 245
    }
}