{
    "trial_id": 30,
    "slm": {
        "runtime": 8.29281735420227,
        "avg_time_per_start": 0.25915054231882095,
        "converged": 1,
        "failed": 0,
        "convergence_rate": 0.03125,
        "best_objective": 66.96350850958306,
        "avg_iterations": 20
    },
    "em": {
        "runtime": 1.720898151397705,
        "avg_time_per_start": 0.053778067231178284,
        "converged": 1,
        "failed": 0,
        "convergence_rate": 0.03125,
        "best_likelihood": -42.72098286361559,
        "avg_iterations": 99
    },
    "ecm": {
        "runtime": 3.2522120475769043,
        "avg_time_per_start": 0.10163162648677826,
        "converged": 1,
        "failed": 0,
        "convergence_rate": 0.03125,
        "best_likelihood": -42.72098178538499,
        "avg_iterations": 78
    }
}