{
    "trial_id": 48,
    "slm": {
        "runtime": 9.34942078590393,
        "avg_time_per_start": 0.29216939955949783,
        "converged": 1,
        "failed": 0,
        "convergence_rate": 0.03125,
        "best_objective": 69.7096456675217,
        "avg_iterations": 16
    },
    "em": {
        "runtime": 1.0297918319702148,
        "avg_time_per_start": 0.032180994749069214,
        "converged": 1,
        "failed": 0,
        "convergence_rate": 0.03125,
        "best_likelihood": -42.97486077355543,
        "avg_iterations": 95
    },
    "ecm": {
        "runtime": 2.0590898990631104,
        "avg_time_per_start": 0.0643465593457222,
        "converged": 1,
        "failed": 0,
        "convergence_rate": 0.03125,
        "best_likelihood": -42.97458892386953,
        "avg_iterations": 228
    }
}