{
    "trial_id": 59,
    "slm": {
        "runtime": 5.329084396362305,
        "avg_time_per_start": 0.16653388738632202,
        "converged": 1,
        "failed": 0,
        "convergence_rate": 0.03125,
        "best_objective": 68.07257620217288,
        "avg_iterations": 25
    },
    "em": {
        "runtime": 0.8426952362060547,
        "avg_time_per_start": 0.02633422613143921,
        "converged": 1,
        "failed": 0,
        "convergence_rate": 0.03125,
        "best_likelihood": -43.57600498168314,
        "avg_iterations": 106
    },
    "ecm": {
        "runtime": 1.8187856674194336,
        "avg_time_per_start": 0.0568370521068573,
        "converged": 1,
        "failed": 0,
        "convergence_rate": 0.03125,
        "best_likelihood": -43.57586339378411,
        "avg_iterations": 94
    }
}